id,name,Icon,baoxiang
1,商品01,Icon_01,Icon_01
2,商品02,Icon_02,Icon_02
3,商品03,Icon_03,Icon_03
4,商品04,Icon_04,Icon_04
5,商品05,Icon_05,Icon_05
6,商品06,Icon_06,Icon_06
7,商品07,Icon_07,Icon_07
8,商品08,Icon_08,Icon_08
9,商品09,Icon_09,Icon_09
10,商品10,Icon_10,Icon_10
11,商品11,Icon_11,Icon_11
12,商品12,Icon_12,Icon_12
13,商品13,Icon_13,Icon_13
14,商品14,Icon_14,Icon_14
15,商品15,Icon_15,Icon_15
16,商品16,Icon_16,Icon_16
17,商品17,Icon_17,Icon_17
18,商品18,Icon_18,Icon_18
19,商品19,Icon_19,Icon_19
20,商品20,Icon_20,Icon_20
21,商品21,Icon_21,Icon_21
22,商品22,Icon_22,Icon_22
23,商品23,Icon_23,Icon_23
24,商品24,Icon_24,Icon_24
25,商品25,Icon_25,Icon_25
26,商品26,Icon_26,Icon_26
27,商品27,Icon_27,Icon_27
28,商品28,Icon_28,Icon_28
29,商品29,Icon_29,Icon_29
30,商品30,Icon_30,Icon_30
31,商品31,Icon_31,Icon_31
32,商品32,Icon_32,Icon_32
33,商品33,Icon_33,Icon_33
34,商品34,Icon_34,Icon_34
35,商品35,Icon_35,Icon_35
36,商品36,Icon_36,Icon_36
